<?xml version="1.0" encoding="UTF-8"?>
<GenRun Id="impl_1" LaunchPart="xc7z020clg484-1" LaunchTime="1736550508">
  <File Type="ROUTE-RQS-RPT" Name="route_report_qor_suggestions_0.rpt"/>
  <File Type="POSTROUTE-PHYSOPT-RQS" Name="SixteenBit_Processor_BD_wrapper_postroute_physopted.rqs"/>
  <File Type="ROUTE-RQS" Name="SixteenBit_Processor_BD_wrapper_routed.rqs"/>
  <File Type="WBT-USG" Name="usage_statistics_webtalk.html"/>
  <File Type="BG-BGN" Name="SixteenBit_Processor_BD_wrapper.bgn"/>
  <File Type="BITSTR-SYSDEF" Name="SixteenBit_Processor_BD_wrapper.sysdef"/>
  <File Type="BITSTR-LTX" Name="debug_nets.ltx"/>
  <File Type="BITSTR-LTX" Name="SixteenBit_Processor_BD_wrapper.ltx"/>
  <File Type="RBD_FILE" Name="SixteenBit_Processor_BD_wrapper.rbd"/>
  <File Type="NPI_FILE" Name="SixteenBit_Processor_BD_wrapper.npi"/>
  <File Type="RNPI_FILE" Name="SixteenBit_Processor_BD_wrapper.rnpi"/>
  <File Type="CFI_FILE" Name="SixteenBit_Processor_BD_wrapper.cfi"/>
  <File Type="RCFI_FILE" Name="SixteenBit_Processor_BD_wrapper.rcfi"/>
  <File Type="PL-PDI-FILE" Name="SixteenBit_Processor_BD_wrapper_pld.pdi"/>
  <File Type="BOOT-PDI-FILE" Name="SixteenBit_Processor_BD_wrapper_boot.pdi"/>
  <File Type="RDI-RDI" Name="SixteenBit_Processor_BD_wrapper.vdi"/>
  <File Type="PDI-FILE" Name="SixteenBit_Processor_BD_wrapper.pdi"/>
  <File Type="BITSTR-MMI" Name="SixteenBit_Processor_BD_wrapper.mmi"/>
  <File Type="BITSTR-BMM" Name="SixteenBit_Processor_BD_wrapper_bd.bmm"/>
  <File Type="BITSTR-NKY" Name="SixteenBit_Processor_BD_wrapper.nky"/>
  <File Type="BITSTR-RBT" Name="SixteenBit_Processor_BD_wrapper.rbt"/>
  <File Type="BITSTR-MSK" Name="SixteenBit_Processor_BD_wrapper.msk"/>
  <File Type="BG-BIN" Name="SixteenBit_Processor_BD_wrapper.bin"/>
  <File Type="POSTROUTE-PHYSOPT-RQS-RPT" Name="postroute_physopt_report_qor_suggestions_0.rpt"/>
  <File Type="BG-BIT" Name="SixteenBit_Processor_BD_wrapper.bit"/>
  <File Type="POSTROUTE-PHYSOPT-BUS-SKEW-RPX" Name="SixteenBit_Processor_BD_wrapper_bus_skew_postroute_physopted.rpx"/>
  <File Type="POSTROUTE-PHYSOPT-BUS-SKEW-PB" Name="SixteenBit_Processor_BD_wrapper_bus_skew_postroute_physopted.pb"/>
  <File Type="POSTROUTE-PHYSOPT-BUS-SKEW" Name="SixteenBit_Processor_BD_wrapper_bus_skew_postroute_physopted.rpt"/>
  <File Type="POSTROUTE-PHYSOPT-TIMING-RPX" Name="SixteenBit_Processor_BD_wrapper_timing_summary_postroute_physopted.rpx"/>
  <File Type="POSTROUTE-PHYSOPT-TIMING-PB" Name="SixteenBit_Processor_BD_wrapper_timing_summary_postroute_physopted.pb"/>
  <File Type="POSTROUTE-PHYSOPT-TIMING" Name="SixteenBit_Processor_BD_wrapper_timing_summary_postroute_physopted.rpt"/>
  <File Type="POSTROUTE-PHYSOPT-BLACKBOX-DCP" Name="SixteenBit_Processor_BD_wrapper_postroute_physopt_bb.dcp"/>
  <File Type="POSTROUTE-PHYSOPT-DCP" Name="SixteenBit_Processor_BD_wrapper_postroute_physopt.dcp"/>
  <File Type="BG-DRC" Name="SixteenBit_Processor_BD_wrapper.drc"/>
  <File Type="ROUTE-RQS-PB" Name="SixteenBit_Processor_BD_wrapper_rqs_routed.pb"/>
  <File Type="ROUTE-BUS-SKEW-RPX" Name="SixteenBit_Processor_BD_wrapper_bus_skew_routed.rpx"/>
  <File Type="ROUTE-BUS-SKEW-PB" Name="SixteenBit_Processor_BD_wrapper_bus_skew_routed.pb"/>
  <File Type="ROUTE-BUS-SKEW" Name="SixteenBit_Processor_BD_wrapper_bus_skew_routed.rpt"/>
  <File Type="ROUTE-CLK" Name="SixteenBit_Processor_BD_wrapper_clock_utilization_routed.rpt"/>
  <File Type="ROUTE-SIMILARITY" Name="SixteenBit_Processor_BD_wrapper_incremental_reuse_routed.rpt"/>
  <File Type="ROUTE-TIMING-RPX" Name="SixteenBit_Processor_BD_wrapper_timing_summary_routed.rpx"/>
  <File Type="ROUTE-TIMING-PB" Name="SixteenBit_Processor_BD_wrapper_timing_summary_routed.pb"/>
  <File Type="ROUTE-TIMINGSUMMARY" Name="SixteenBit_Processor_BD_wrapper_timing_summary_routed.rpt"/>
  <File Type="ROUTE-STATUS-PB" Name="SixteenBit_Processor_BD_wrapper_route_status.pb"/>
  <File Type="ROUTE-STATUS" Name="SixteenBit_Processor_BD_wrapper_route_status.rpt"/>
  <File Type="ROUTE-PWR-RPX" Name="SixteenBit_Processor_BD_wrapper_power_routed.rpx"/>
  <File Type="ROUTE-PWR-SUM" Name="SixteenBit_Processor_BD_wrapper_power_summary_routed.pb"/>
  <File Type="ROUTE-PWR" Name="SixteenBit_Processor_BD_wrapper_power_routed.rpt"/>
  <File Type="ROUTE-METHODOLOGY-DRC-PB" Name="SixteenBit_Processor_BD_wrapper_methodology_drc_routed.pb"/>
  <File Type="ROUTE-METHODOLOGY-DRC-RPX" Name="SixteenBit_Processor_BD_wrapper_methodology_drc_routed.rpx"/>
  <File Type="ROUTE-METHODOLOGY-DRC" Name="SixteenBit_Processor_BD_wrapper_methodology_drc_routed.rpt"/>
  <File Type="ROUTE-DRC-RPX" Name="SixteenBit_Processor_BD_wrapper_drc_routed.rpx"/>
  <File Type="ROUTE-DRC-PB" Name="SixteenBit_Processor_BD_wrapper_drc_routed.pb"/>
  <File Type="ROUTE-DRC" Name="SixteenBit_Processor_BD_wrapper_drc_routed.rpt"/>
  <File Type="ROUTE-BLACKBOX-DCP" Name="SixteenBit_Processor_BD_wrapper_routed_bb.dcp"/>
  <File Type="ROUTE-DCP" Name="SixteenBit_Processor_BD_wrapper_routed.dcp"/>
  <File Type="ROUTE-ERROR-DCP" Name="SixteenBit_Processor_BD_wrapper_routed_error.dcp"/>
  <File Type="PHYSOPT-TIMING" Name="SixteenBit_Processor_BD_wrapper_timing_summary_physopted.rpt"/>
  <File Type="PHYSOPT-DRC" Name="SixteenBit_Processor_BD_wrapper_drc_physopted.rpt"/>
  <File Type="PHYSOPT-DCP" Name="SixteenBit_Processor_BD_wrapper_physopt.dcp"/>
  <File Type="POSTPLACE-PWROPT-TIMING" Name="SixteenBit_Processor_BD_wrapper_timing_summary_postplace_pwropted.rpt"/>
  <File Type="POSTPLACE-PWROPT-DCP" Name="SixteenBit_Processor_BD_wrapper_postplace_pwropt.dcp"/>
  <File Type="PLACE-RQA-PB" Name="SixteenBit_Processor_BD_wrapper_rqa_placed.pb"/>
  <File Type="PLACE-TIMING" Name="SixteenBit_Processor_BD_wrapper_timing_summary_placed.rpt"/>
  <File Type="PLACE-PRE-SIMILARITY" Name="SixteenBit_Processor_BD_wrapper_incremental_reuse_pre_placed.rpt"/>
  <File Type="PLACE-SIMILARITY" Name="SixteenBit_Processor_BD_wrapper_incremental_reuse_placed.rpt"/>
  <File Type="PLACE-CTRL" Name="SixteenBit_Processor_BD_wrapper_control_sets_placed.rpt"/>
  <File Type="PLACE-UTIL-PB" Name="SixteenBit_Processor_BD_wrapper_utilization_placed.pb"/>
  <File Type="PLACE-UTIL" Name="SixteenBit_Processor_BD_wrapper_utilization_placed.rpt"/>
  <File Type="PLACE-CLK" Name="SixteenBit_Processor_BD_wrapper_clock_utilization_placed.rpt"/>
  <File Type="PLACE-IO" Name="SixteenBit_Processor_BD_wrapper_io_placed.rpt"/>
  <File Type="PLACE-DCP" Name="SixteenBit_Processor_BD_wrapper_placed.dcp"/>
  <File Type="PWROPT-TIMING" Name="SixteenBit_Processor_BD_wrapper_timing_summary_pwropted.rpt"/>
  <File Type="PWROPT-DRC" Name="SixteenBit_Processor_BD_wrapper_drc_pwropted.rpt"/>
  <File Type="PWROPT-DCP" Name="SixteenBit_Processor_BD_wrapper_pwropt.dcp"/>
  <File Type="OPT-RQA-PB" Name="SixteenBit_Processor_BD_wrapper_rqa_opted.pb"/>
  <File Type="OPT-HWDEF" Name="SixteenBit_Processor_BD_wrapper.hwdef"/>
  <File Type="OPT-METHODOLOGY-DRC" Name="SixteenBit_Processor_BD_wrapper_methodology_drc_opted.rpt"/>
  <File Type="OPT-DRC" Name="SixteenBit_Processor_BD_wrapper_drc_opted.rpt"/>
  <File Type="OPT-DCP" Name="SixteenBit_Processor_BD_wrapper_opt.dcp"/>
  <File Type="OPT-TIMING" Name="SixteenBit_Processor_BD_wrapper_timing_summary_opted.rpt"/>
  <File Type="REPORTS-TCL" Name="SixteenBit_Processor_BD_wrapper_reports.tcl"/>
  <File Type="INIT-TIMING" Name="SixteenBit_Processor_BD_wrapper_timing_summary_init.rpt"/>
  <File Type="PA-TCL" Name="SixteenBit_Processor_BD_wrapper.tcl"/>
  <FileSet Name="sources" Type="DesignSrcs" RelSrcDir="$PSRCDIR/sources_1" RelGenDir="$PGENDIR/sources_1">
    <Filter Type="Srcs"/>
    <File Path="$PSRCDIR/sources_1/bd/SixteenBit_Processor_BD/SixteenBit_Processor_BD.bd">
      <FileInfo>
        <Attr Name="ImportPath" Val="$PPRDIR/../../../Vsi/SixteenBitComputer.srcs/sources_1/bd/SixteenBit_Processor_BD/SixteenBit_Processor_BD.bd"/>
        <Attr Name="ImportTime" Val="1656367831"/>
        <Attr Name="UsedIn" Val="synthesis"/>
        <Attr Name="UsedIn" Val="implementation"/>
        <Attr Name="UsedIn" Val="simulation"/>
      </FileInfo>
    </File>
    <File Path="$PGENDIR/sources_1/bd/SixteenBit_Processor_BD/hdl/SixteenBit_Processor_BD_wrapper.vhd">
      <FileInfo>
        <Attr Name="UsedIn" Val="synthesis"/>
        <Attr Name="UsedIn" Val="simulation"/>
      </FileInfo>
    </File>
    <File Path="$PSRCDIR/sources_1/imports/Zynq-HDMI/archive_project_summary.txt">
      <FileInfo>
        <Attr Name="ImportPath" Val="$PPRDIR/../../../Vsi/Zynq-HDMI/archive_project_summary.txt"/>
        <Attr Name="ImportTime" Val="1656367840"/>
      </FileInfo>
    </File>
    <File Path="$PPRDIR/archive_project_summary.txt"/>
    <Config>
      <Option Name="DesignMode" Val="RTL"/>
      <Option Name="TopModule" Val="SixteenBit_Processor_BD_wrapper"/>
    </Config>
  </FileSet>
  <FileSet Name="constrs_in" Type="Constrs" RelSrcDir="$PSRCDIR/constrs_1" RelGenDir="$PGENDIR/constrs_1">
    <Filter Type="Constrs"/>
    <File Path="$PSRCDIR/constrs_1/new/primary.xdc">
      <FileInfo>
        <Attr Name="UsedIn" Val="synthesis"/>
        <Attr Name="UsedIn" Val="implementation"/>
      </FileInfo>
    </File>
    <Config>
      <Option Name="ConstrsType" Val="XDC"/>
    </Config>
  </FileSet>
  <FileSet Name="utils" Type="Utils" RelSrcDir="$PSRCDIR/utils_1" RelGenDir="$PGENDIR/utils_1">
    <Filter Type="Utils"/>
    <File Path="$PSRCDIR/utils_1/imports/synth_1/SixteenBit_Processor_BD_wrapper.dcp">
      <FileInfo>
        <Attr Name="ImportPath" Val="$PPRDIR/../../../Vsi/SixteenBitComputer.srcs/utils_1/imports/synth_1/SixteenBit_Processor_BD_wrapper.dcp"/>
        <Attr Name="ImportTime" Val="1656367835"/>
        <Attr Name="UsedIn" Val="synthesis"/>
        <Attr Name="UsedIn" Val="implementation"/>
        <Attr Name="UsedInSteps" Val="synth_1"/>
        <Attr Name="AutoDcp" Val="1"/>
      </FileInfo>
    </File>
    <Config>
      <Option Name="TopAutoSet" Val="TRUE"/>
    </Config>
  </FileSet>
  <Strategy Version="1" Minor="2">
    <StratHandle Name="Vivado Implementation Defaults" Flow="Vivado Implementation 2022"/>
    <Step Id="init_design"/>
    <Step Id="opt_design"/>
    <Step Id="power_opt_design"/>
    <Step Id="place_design"/>
    <Step Id="post_place_power_opt_design"/>
    <Step Id="phys_opt_design"/>
    <Step Id="route_design"/>
    <Step Id="post_route_phys_opt_design"/>
    <Step Id="write_bitstream"/>
  </Strategy>
  <BlockFileSet Type="BlockSrcs" Name="SixteenBit_Processor_BD_axi_vdma_0_0"/>
  <BlockFileSet Type="BlockSrcs" Name="SixteenBit_Processor_BD_v_axi4s_vid_out_0_0"/>
  <BlockFileSet Type="BlockSrcs" Name="SixteenBit_Processor_BD_axis_subset_converter_0_0"/>
  <BlockFileSet Type="BlockSrcs" Name="SixteenBit_Processor_BD_processing_system7_0_0"/>
  <BlockFileSet Type="BlockSrcs" Name="SixteenBit_Processor_BD_v_tc_0_0"/>
  <BlockFileSet Type="BlockSrcs" Name="SixteenBit_Processor_BD_axi_dynclk_0_0"/>
</GenRun>
