{
  "version": "2022.1",
  "applications": [],
  "platforms": [
    {
      "name": "SixteenBit_Processor_BD_wrapper"
    }
  ],
  "systems": [
    {
      "name": "16bitProcessorApplication_system",
      "platform": "F:/Vitis/16bitProcessor/SixteenBit_Processor_BD_wrapper/export/SixteenBit_Processor_BD_wrapper/SixteenBit_Processor_BD_wrapper.xpfm",
      "sysConfig": "SixteenBit_Processor_BD_wrapper",
      "buildConfig": "Debug",
      "applications": [
        {
          "name": "16bitProcessorApplication",
          "platform": "F:/Vitis/16bitProcessor/SixteenBit_Processor_BD_wrapper/export/SixteenBit_Processor_BD_wrapper/SixteenBit_Processor_BD_wrapper.xpfm",
          "platformPath": "F:\\Vitis\\16bitProcessor\\SixteenBit_Processor_BD_wrapper\\export\\SixteenBit_Processor_BD_wrapper",
          "sysConfig": "SixteenBit_Processor_BD_wrapper",
          "domain": "standalone_ps7_cortexa9_1",
          "system": "16bitProcessorApplication_system"
        }
      ],
      "platformPath": "F:\\Vitis\\16bitProcessor\\SixteenBit_Processor_BD_wrapper\\export\\SixteenBit_Processor_BD_wrapper"
    }
  ],
  "others": []
}