{
  "version": "2021.2",
  "applications": [],
  "platforms": [
    {
      "name": "design_1_wrapper"
    }
  ],
  "systems": [
    {
      "name": "EightBitComputer_system",
      "platform": "F:/Vitis/EightBitComputer_Workspace/design_1_wrapper/export/design_1_wrapper/design_1_wrapper.xpfm",
      "sysConfig": "design_1_wrapper",
      "buildConfig": "Debug",
      "applications": [
        {
          "name": "EightBitComputer",
          "platform": "F:/Vitis/EightBitComputer_Workspace/design_1_wrapper/export/design_1_wrapper/design_1_wrapper.xpfm",
          "platformPath": "F:\\Vitis\\EightBitComputer_Workspace\\design_1_wrapper\\export\\design_1_wrapper",
          "sysConfig": "design_1_wrapper",
          "domain": "standalone_microblaze_0",
          "system": "EightBitComputer_system"
        }
      ],
      "platformPath": "F:\\Vitis\\EightBitComputer_Workspace\\design_1_wrapper\\export\\design_1_wrapper"
    }
  ],
  "others": []
}