<?xml version="1.0" encoding="UTF-8"?>
<GenRun Id="synth_1" LaunchPart="xc7z020clg484-1" LaunchTime="1736550506" LaunchIncrCheckpoint="$PSRCDIR/utils_1/imports/synth_1/SixteenBit_Processor_BD_wrapper.dcp">
  <File Type="VDS-TIMINGSUMMARY" Name="SixteenBit_Processor_BD_wrapper_timing_summary_synth.rpt"/>
  <File Type="RDS-DCP" Name="SixteenBit_Processor_BD_wrapper.dcp"/>
  <File Type="RDS-UTIL-PB" Name="SixteenBit_Processor_BD_wrapper_utilization_synth.pb"/>
  <File Type="RDS-UTIL" Name="SixteenBit_Processor_BD_wrapper_utilization_synth.rpt"/>
  <File Type="RDS-PROPCONSTRS" Name="SixteenBit_Processor_BD_wrapper_drc_synth.rpt"/>
  <File Type="RDS-RDS" Name="SixteenBit_Processor_BD_wrapper.vds"/>
  <File Type="REPORTS-TCL" Name="SixteenBit_Processor_BD_wrapper_reports.tcl"/>
  <File Type="VDS-TIMING-PB" Name="SixteenBit_Processor_BD_wrapper_timing_summary_synth.pb"/>
  <File Type="PA-TCL" Name="SixteenBit_Processor_BD_wrapper.tcl"/>
  <FileSet Name="sources" Type="DesignSrcs" RelSrcDir="$PSRCDIR/sources_1" RelGenDir="$PGENDIR/sources_1">
    <Filter Type="Srcs"/>
    <File Path="$PSRCDIR/sources_1/bd/SixteenBit_Processor_BD/SixteenBit_Processor_BD.bd">
      <FileInfo>
        <Attr Name="ImportPath" Val="$PPRDIR/../../../Vsi/SixteenBitComputer.srcs/sources_1/bd/SixteenBit_Processor_BD/SixteenBit_Processor_BD.bd"/>
        <Attr Name="ImportTime" Val="1656367831"/>
        <Attr Name="UsedIn" Val="synthesis"/>
        <Attr Name="UsedIn" Val="implementation"/>
        <Attr Name="UsedIn" Val="simulation"/>
      </FileInfo>
    </File>
    <File Path="$PGENDIR/sources_1/bd/SixteenBit_Processor_BD/hdl/SixteenBit_Processor_BD_wrapper.vhd">
      <FileInfo>
        <Attr Name="UsedIn" Val="synthesis"/>
        <Attr Name="UsedIn" Val="simulation"/>
      </FileInfo>
    </File>
    <File Path="$PSRCDIR/sources_1/imports/Zynq-HDMI/archive_project_summary.txt">
      <FileInfo>
        <Attr Name="ImportPath" Val="$PPRDIR/../../../Vsi/Zynq-HDMI/archive_project_summary.txt"/>
        <Attr Name="ImportTime" Val="1656367840"/>
      </FileInfo>
    </File>
    <File Path="$PPRDIR/archive_project_summary.txt"/>
    <Config>
      <Option Name="DesignMode" Val="RTL"/>
      <Option Name="TopModule" Val="SixteenBit_Processor_BD_wrapper"/>
    </Config>
  </FileSet>
  <FileSet Name="constrs_in" Type="Constrs" RelSrcDir="$PSRCDIR/constrs_1" RelGenDir="$PGENDIR/constrs_1">
    <Filter Type="Constrs"/>
    <File Path="$PSRCDIR/constrs_1/new/primary.xdc">
      <FileInfo>
        <Attr Name="UsedIn" Val="synthesis"/>
        <Attr Name="UsedIn" Val="implementation"/>
      </FileInfo>
    </File>
    <Config>
      <Option Name="ConstrsType" Val="XDC"/>
    </Config>
  </FileSet>
  <FileSet Name="utils" Type="Utils" RelSrcDir="$PSRCDIR/utils_1" RelGenDir="$PGENDIR/utils_1">
    <Filter Type="Utils"/>
    <File Path="$PSRCDIR/utils_1/imports/synth_1/SixteenBit_Processor_BD_wrapper.dcp">
      <FileInfo>
        <Attr Name="ImportPath" Val="$PPRDIR/../../../Vsi/SixteenBitComputer.srcs/utils_1/imports/synth_1/SixteenBit_Processor_BD_wrapper.dcp"/>
        <Attr Name="ImportTime" Val="1656367835"/>
        <Attr Name="UsedIn" Val="synthesis"/>
        <Attr Name="UsedIn" Val="implementation"/>
        <Attr Name="UsedInSteps" Val="synth_1"/>
        <Attr Name="AutoDcp" Val="1"/>
      </FileInfo>
    </File>
    <Config>
      <Option Name="TopAutoSet" Val="TRUE"/>
    </Config>
  </FileSet>
  <Strategy Version="1" Minor="2">
    <StratHandle Name="Vivado Synthesis Defaults" Flow="Vivado Synthesis 2022"/>
    <Step Id="synth_design"/>
  </Strategy>
  <BlockFileSet Type="BlockSrcs" Name="SixteenBit_Processor_BD_axi_vdma_0_0"/>
  <BlockFileSet Type="BlockSrcs" Name="SixteenBit_Processor_BD_v_axi4s_vid_out_0_0"/>
  <BlockFileSet Type="BlockSrcs" Name="SixteenBit_Processor_BD_axis_subset_converter_0_0"/>
  <BlockFileSet Type="BlockSrcs" Name="SixteenBit_Processor_BD_processing_system7_0_0"/>
  <BlockFileSet Type="BlockSrcs" Name="SixteenBit_Processor_BD_v_tc_0_0"/>
  <BlockFileSet Type="BlockSrcs" Name="SixteenBit_Processor_BD_axi_dynclk_0_0"/>
</GenRun>
