<?xml version="1.0"?>
<Runs Version="1" Minor="0">
	<Run Id="SixteenBit_Processor_BD_v_tc_0_0_synth_1" LaunchDir="/home/rich/VivadoProjects/Vivado_ZynqHDMI_20241209.xpr/SixteenBitComputer/SixteenBitComputer.runs/SixteenBit_Processor_BD_v_tc_0_0_synth_1" FlowId="Vivado_Synthesis" FromStepId="vivado" ToStepId="vivado"/>
	<Run Id="synth_1" LaunchDir="/home/rich/VivadoProjects/Vivado_ZynqHDMI_20241209.xpr/SixteenBitComputer/SixteenBitComputer.runs/synth_1" FlowId="Vivado_Synthesis" FromStepId="vivado" ToStepId="vivado">
		<Parent Id="SixteenBit_Processor_BD_v_tc_0_0_synth_1"/>
	</Run>
	<Run Id="impl_1" LaunchDir="/home/rich/VivadoProjects/Vivado_ZynqHDMI_20241209.xpr/SixteenBitComputer/SixteenBitComputer.runs/impl_1" FlowId="Vivado_Implementation" FromStepId="init_design" ToStepId="write_bitstream">
		<Parent Id="synth_1"/>
		<Parent Id="SixteenBit_Processor_BD_v_tc_0_0_synth_1"/>
	</Run>
	<Parameters>
		<Parameter Name="runs.monitorLSFJobs" Val="true" Type="bool"/>
		<Parameter Name="runs.enableClusterConf" Val="true" Type="bool"/>
		<Parameter Name="general.ignorePathLengthChecks" Val="true" Type="bool"/>
		<Parameter Name="general.shortenLongPath" Val="true" Type="bool"/>
	</Parameters>
	<ProductInfo Name="vivado"/>
</Runs>

