<?xml version="1.0" encoding="UTF-8"?>
<GenRun Id="SixteenBit_Processor_BD_axi_dynclk_0_0_synth_1" LaunchPart="xc7z020clg484-1" LaunchTime="1734450034">
  <File Type="RDS-DCP" Name="SixteenBit_Processor_BD_axi_dynclk_0_0.dcp"/>
  <File Type="RDS-RDS" Name="SixteenBit_Processor_BD_axi_dynclk_0_0.vds"/>
  <File Type="REPORTS-TCL" Name="SixteenBit_Processor_BD_axi_dynclk_0_0_reports.tcl"/>
  <File Type="PA-TCL" Name="SixteenBit_Processor_BD_axi_dynclk_0_0.tcl"/>
  <File Type="RDS-UTIL" Name="SixteenBit_Processor_BD_axi_dynclk_0_0_utilization_synth.rpt"/>
  <File Type="RDS-UTIL-PB" Name="SixteenBit_Processor_BD_axi_dynclk_0_0_utilization_synth.pb"/>
  <FileSet Name="sources" Type="BlockSrcs" RelSrcDir="$PSRCDIR/SixteenBit_Processor_BD_axi_dynclk_0_0" RelGenDir="$PGENDIR/SixteenBit_Processor_BD_axi_dynclk_0_0">
    <File Path="$PSRCDIR/sources_1/bd/SixteenBit_Processor_BD/ip/SixteenBit_Processor_BD_axi_dynclk_0_0/SixteenBit_Processor_BD_axi_dynclk_0_0.xci">
      <FileInfo>
        <Attr Name="Library" Val="xil_defaultlib"/>
        <Attr Name="ImportPath" Val="$PPRDIR/../../../Vsi/SixteenBitComputer.srcs/sources_1/bd/SixteenBit_Processor_BD/ip/SixteenBit_Processor_BD_axi_dynclk_0_0/SixteenBit_Processor_BD_axi_dynclk_0_0.xci"/>
        <Attr Name="ImportTime" Val="0"/>
        <Attr Name="UsedIn" Val="synthesis"/>
        <Attr Name="UsedIn" Val="implementation"/>
        <Attr Name="UsedIn" Val="simulation"/>
      </FileInfo>
    </File>
    <Config>
      <Option Name="TopModule" Val="SixteenBit_Processor_BD_axi_dynclk_0_0"/>
      <Option Name="UseBlackboxStub" Val="1"/>
    </Config>
  </FileSet>
  <FileSet Name="constrs_in" Type="BlockSrcs" RelSrcDir="$PSRCDIR/SixteenBit_Processor_BD_axi_dynclk_0_0" RelGenDir="$PGENDIR/SixteenBit_Processor_BD_axi_dynclk_0_0">
    <File Path="$PSRCDIR/sources_1/bd/SixteenBit_Processor_BD/ip/SixteenBit_Processor_BD_axi_dynclk_0_0/SixteenBit_Processor_BD_axi_dynclk_0_0.xci">
      <FileInfo>
        <Attr Name="Library" Val="xil_defaultlib"/>
        <Attr Name="ImportPath" Val="$PPRDIR/../../../Vsi/SixteenBitComputer.srcs/sources_1/bd/SixteenBit_Processor_BD/ip/SixteenBit_Processor_BD_axi_dynclk_0_0/SixteenBit_Processor_BD_axi_dynclk_0_0.xci"/>
        <Attr Name="ImportTime" Val="0"/>
        <Attr Name="UsedIn" Val="synthesis"/>
        <Attr Name="UsedIn" Val="implementation"/>
        <Attr Name="UsedIn" Val="simulation"/>
      </FileInfo>
    </File>
    <Config>
      <Option Name="TopModule" Val="SixteenBit_Processor_BD_axi_dynclk_0_0"/>
      <Option Name="UseBlackboxStub" Val="1"/>
    </Config>
  </FileSet>
  <FileSet Name="utils" Type="Utils" RelSrcDir="$PSRCDIR/utils_1" RelGenDir="$PGENDIR/utils_1">
    <Filter Type="Utils"/>
    <File Path="$PSRCDIR/utils_1/imports/synth_1/SixteenBit_Processor_BD_wrapper.dcp">
      <FileInfo>
        <Attr Name="ImportPath" Val="$PPRDIR/../../../Vsi/SixteenBitComputer.srcs/utils_1/imports/synth_1/SixteenBit_Processor_BD_wrapper.dcp"/>
        <Attr Name="ImportTime" Val="1656367835"/>
        <Attr Name="UsedIn" Val="synthesis"/>
        <Attr Name="UsedIn" Val="implementation"/>
        <Attr Name="UsedInSteps" Val="synth_1"/>
        <Attr Name="AutoDcp" Val="1"/>
      </FileInfo>
    </File>
    <Config>
      <Option Name="TopAutoSet" Val="TRUE"/>
    </Config>
  </FileSet>
  <Strategy Version="1" Minor="2">
    <StratHandle Name="Vivado Synthesis Defaults" Flow="Vivado Synthesis 2024"/>
    <Step Id="synth_design"/>
  </Strategy>
</GenRun>
